{
  "attention_type": "scaled_dot",
  "num_samples": 100,
  "entropy": {
    "mean": 1.1916085481643677,
    "std": 0.25066423416137695,
    "min": 0.7067824602127075,
    "max": 1.943164587020874,
    "median": 1.1640145778656006,
    "values": [
      0.911984384059906,
      1.5832741260528564,
      1.1554985046386719,
      0.9249628186225891,
      1.2017621994018555,
      1.7024848461151123,
      1.25466787815094,
      1.6782121658325195,
      0.9710884690284729,
      0.9672592878341675,
      0.953249990940094,
      1.4970093965530396,
      1.259459137916565,
      1.4663304090499878,
      0.7067824602127075,
      1.0758670568466187,
      1.3769404888153076,
      1.0105654001235962,
      0.9254093170166016,
      1.1436562538146973,
      1.1966931819915771,
      1.2367790937423706,
      1.3180994987487793,
      1.2822051048278809,
      1.004645586013794,
      1.1031761169433594,
      0.8704236149787903,
      1.3653240203857422,
      0.9732145667076111,
      1.5094536542892456,
      0.9138595461845398,
      1.3317197561264038,
      1.1425138711929321,
      1.2905620336532593,
      1.2095993757247925,
      1.4988203048706055,
      0.7939432263374329,
      1.7575609683990479,
      0.8823898434638977,
      1.296875238418579,
      0.8799440264701843,
      1.1328625679016113,
      0.9992005228996277,
      1.558887243270874,
      0.7563594579696655,
      1.2203774452209473,
      1.1175448894500732,
      1.374969720840454,
      1.0588661432266235,
      1.2888858318328857,
      1.5750871896743774,
      1.2378178834915161,
      1.1227689981460571,
      1.0489836931228638,
      1.4777384996414185,
      1.2131880521774292,
      1.1132413148880005,
      1.0487499237060547,
      0.9225967526435852,
      1.372551441192627,
      1.0350627899169922,
      1.3795807361602783,
      1.5272537469863892,
      1.1459338665008545,
      0.9141640663146973,
      1.66327702999115,
      0.9204981327056885,
      1.3655346632003784,
      1.0404006242752075,
      1.2862008810043335,
      1.2028663158416748,
      1.1721482276916504,
      0.8166378736495972,
      1.1558808088302612,
      0.8824930191040039,
      1.1503411531448364,
      0.7266495823860168,
      1.2895495891571045,
      1.3502581119537354,
      1.7575602531433105,
      0.9280336499214172,
      1.2852295637130737,
      1.3519554138183594,
      1.943164587020874,
      1.182235598564148,
      0.942405104637146,
      0.9121516942977905,
      1.1930594444274902,
      0.9634140729904175,
      1.0651668310165405,
      1.4226019382476807,
      1.1241717338562012,
      1.4443073272705078,
      1.2049837112426758,
      1.035495638847351,
      0.949641764163971,
      1.1299505233764648,
      1.5740768909454346,
      1.3836942911148071,
      1.0778751373291016
    ]
  },
  "sharpness": {
    "mean": 0.5823433995246887,
    "std": 0.08316649496555328,
    "min": 0.33715641498565674,
    "max": 0.766609787940979,
    "median": 0.591155469417572,
    "values": [
      0.6500750184059143,
      0.48845914006233215,
      0.5847158432006836,
      0.7002836465835571,
      0.5492699146270752,
      0.4181331694126129,
      0.551178514957428,
      0.44432902336120605,
      0.6215230822563171,
      0.6544511318206787,
      0.6495925188064575,
      0.48883137106895447,
      0.545915961265564,
      0.47034838795661926,
      0.766609787940979,
      0.6325344443321228,
      0.5356742143630981,
      0.6553248763084412,
      0.6537101864814758,
      0.6252451539039612,
      0.529711902141571,
      0.5961962938308716,
      0.5387645363807678,
      0.5839488506317139,
      0.6537970900535583,
      0.6203032732009888,
      0.6840415000915527,
      0.5110793709754944,
      0.6189004182815552,
      0.48508694767951965,
      0.6468173861503601,
      0.5598138570785522,
      0.595184326171875,
      0.555538535118103,
      0.5892075300216675,
      0.475949227809906,
      0.6816575527191162,
      0.4001392424106598,
      0.6924692988395691,
      0.5670375227928162,
      0.6935983300209045,
      0.6273606419563293,
      0.6176998019218445,
      0.4759175777435303,
      0.6988714933395386,
      0.5801154971122742,
      0.5740940570831299,
      0.5562131404876709,
      0.6236692667007446,
      0.5523005127906799,
      0.46326059103012085,
      0.6017360091209412,
      0.5714017748832703,
      0.6064109802246094,
      0.47725287079811096,
      0.5976840853691101,
      0.6378509402275085,
      0.6528535485267639,
      0.642829954624176,
      0.5211771130561829,
      0.6629177927970886,
      0.5364606380462646,
      0.4198378324508667,
      0.6053515672683716,
      0.6827248930931091,
      0.470909982919693,
      0.7109237909317017,
      0.5192232728004456,
      0.6175103783607483,
      0.5909239053726196,
      0.5913870334625244,
      0.585317075252533,
      0.7197942137718201,
      0.6020563244819641,
      0.6675863862037659,
      0.544858992099762,
      0.7585206031799316,
      0.576377809047699,
      0.5119740962982178,
      0.40851351618766785,
      0.6477078199386597,
      0.5342829823493958,
      0.49742549657821655,
      0.33715641498565674,
      0.5777781009674072,
      0.6938700079917908,
      0.6881023049354553,
      0.5661774277687073,
      0.6408063173294067,
      0.6305881142616272,
      0.44790875911712646,
      0.5926446914672852,
      0.5173889994621277,
      0.5741457343101501,
      0.6562642455101013,
      0.6507205367088318,
      0.6107619404792786,
      0.4889364242553711,
      0.457595556974411,
      0.5967579483985901
    ]
  },
  "source_entropy": {
    "mean": 1.411205324576698,
    "std": 0.5469439690731397,
    "median": 1.4574910402297974
  }
}