{
  "train_loss": [
    4.907361412888582,
    4.103496571469412,
    3.7453254046419118,
    3.466099017517157,
    3.166577697325383,
    2.8822652096265213,
    2.690119061701098,
    2.5337737131748956,
    2.4203501325346823,
    2.327308233088859,
    2.2566289885978867,
    2.182997104354892,
    2.1191585741379186,
    2.0521664362121785,
    2.0280849424227743,
    1.7874112202732573,
    1.7300592613640335,
    1.6781079501307483,
    1.6617765237581363,
    1.6305021556988686
  ],
  "val_loss": [
    4.698228597640991,
    4.362242639064789,
    4.070661216974258,
    3.865613967180252,
    3.592055231332779,
    3.381811410188675,
    3.2426241636276245,
    3.1706069707870483,
    3.153883308172226,
    3.117545872926712,
    3.002229541540146,
    3.0749316215515137,
    3.053826719522476,
    3.0097129344940186,
    3.04690819978714,
    2.937281310558319,
    2.9738730788230896,
    3.002095192670822,
    2.965471535921097,
    2.939364016056061
  ],
  "epochs": [
    1,
    2,
    3,
    4,
    5,
    6,
    7,
    8,
    9,
    10,
    11,
    12,
    13,
    14,
    15,
    16,
    17,
    18,
    19,
    20
  ]
}