{
  "train_loss": [
    4.587690660081771,
    3.516928433321646,
    2.745406900733578,
    2.278128903342764,
    1.9848593520698044,
    1.7823864321351577,
    1.6232163591006779,
    1.4876072364756714,
    1.378232393495837,
    1.2820834105235364,
    1.1971897711312718,
    1.1200175823619187,
    1.0472444521698132,
    0.9812638523295062,
    0.924487577923594,
    0.8657864389965713,
    0.8137112879543053,
    0.7700254798985788,
    0.7249574973719761
  ],
  "val_loss": [
    3.729657530784607,
    2.9998404383659363,
    2.3824993073940277,
    2.100863501429558,
    1.9252322614192963,
    1.8224186152219772,
    1.7105789482593536,
    1.6391048580408096,
    1.6133887469768524,
    1.569220170378685,
    1.523327887058258,
    1.5331618040800095,
    1.5217341184616089,
    1.4837953299283981,
    1.5022147446870804,
    1.5126323699951172,
    1.5156409591436386,
    1.524366870522499,
    1.5159761905670166
  ],
  "epoch_time_sec": [
    39.5380334854126,
    38.31051468849182,
    38.20114588737488,
    38.273295640945435,
    37.989054679870605,
    38.144383907318115,
    38.12538003921509,
    38.284168004989624,
    37.97489356994629,
    38.10327363014221,
    38.08383131027222,
    38.16275930404663,
    37.89722657203674,
    37.99508237838745,
    37.98764944076538,
    37.98925447463989,
    38.207316637039185,
    38.17643880844116,
    38.13231706619263
  ],
  "max_gpu_mem_mb": [
    1870.1474609375,
    1870.5869140625,
    1869.7275390625,
    1870.7197265625,
    1871.2763671875,
    1870.0849609375,
    1870.0849609375,
    1870.2490234375,
    1870.2490234375,
    1870.7509765625,
    1869.9521484375,
    1870.3740234375,
    1870.2490234375,
    1870.2490234375,
    1870.3740234375,
    1870.3740234375,
    1870.8837890625,
    1870.7509765625,
    1881.2353515625
  ]
}