{
  "model": "transformer",
  "bleu": 32.28993146011625,
  "rouge": {
    "rouge1": 0.6487979086140062,
    "rouge2": 0.43511484198257294,
    "rougeL": 0.6142168258831584
  },
  "samples": 1000
}