{
  "train_loss": [
    4.070962471058715,
    2.972270972928287,
    2.545823723209062,
    2.2788624427392095,
    2.076761703134108,
    1.9212561688234102,
    1.791788090693268,
    1.6775586195454197,
    1.575388106480569,
    1.490289720669717,
    1.4061251012239162,
    1.3303221942044565,
    1.258562274966471,
    1.186399776242378,
    1.1190757373356084,
    1.0597157281400873,
    1.0017677401130944,
    0.9456658442114944,
    0.8988793200858364,
    0.8542052754221509
  ],
  "val_loss": [
    3.139231413602829,
    2.612921178340912,
    2.350079268217087,
    2.180094748735428,
    2.0698870718479156,
    1.984510287642479,
    1.911864534020424,
    1.8711096793413162,
    1.8018619865179062,
    1.7580908238887787,
    1.7498320490121841,
    1.7162192314863205,
    1.6836926192045212,
    1.6848036646842957,
    1.6700576543807983,
    1.6684319376945496,
    1.659128874540329,
    1.657304123044014,
    1.645729660987854,
    1.675122156739235
  ]
}