{
  "train_loss": [
    4.695265001137352,
    3.475886328104834,
    2.6911788963536334,
    2.2673288399952622,
    1.9955039659785805,
    1.7992825487111634,
    1.6449304157416726,
    1.5177481909680473,
    1.4091480739316227,
    1.3152919041427746,
    1.2327868481564628,
    1.158252899604747,
    1.0867067199971707,
    1.017645765768799,
    0.9598695774960623,
    0.9026366120393056,
    0.8500488508115256,
    0.809335047715561,
    0.7642954771739271,
    0.7252586906701983
  ],
  "val_loss": [
    3.779249757528305,
    2.8989836871623993,
    2.343377649784088,
    2.0705199539661407,
    1.9615761190652847,
    1.819998174905777,
    1.7221280634403229,
    1.6481045633554459,
    1.604835569858551,
    1.5741238445043564,
    1.5375087410211563,
    1.5541432350873947,
    1.5079985409975052,
    1.4956015795469284,
    1.5272962003946304,
    1.4876769185066223,
    1.5139215588569641,
    1.5159581005573273,
    1.5205122381448746,
    1.5439445972442627
  ]
}