{
  "train_loss": [
    4.847819905974267,
    3.749057543960437,
    3.1772754003297914,
    2.7686479081141266,
    2.5128177241606857,
    2.307524465254225,
    2.1312958768810994,
    2.026844106056617,
    1.9256602735771482,
    1.8173439791549144,
    1.7420982427008878,
    1.684637122217254,
    1.607902632935982,
    1.5583151258561054,
    1.5139193146239294,
    1.4697592505274366,
    1.4584020273800988,
    1.3849695663620196,
    1.3672067173777174,
    1.3347185083422892
  ],
  "val_loss": [
    4.519511699676514,
    3.7552651464939117,
    3.3863717913627625,
    3.203477442264557,
    3.1553691625595093,
    3.131254345178604,
    3.057554543018341,
    3.0679689943790436,
    3.0480959117412567,
    3.1420579850673676,
    3.032903015613556,
    3.0470510721206665,
    3.141655921936035,
    3.1255809366703033,
    3.1944875717163086,
    3.152602940797806,
    3.179089367389679,
    3.171063393354416,
    3.1672700941562653,
    3.179218202829361
  ],
  "epoch_time_sec": [
    161.0432403087616,
    162.31125617027283,
    159.52450346946716,
    158.6537389755249,
    160.1040186882019,
    159.95142769813538,
    158.17910170555115,
    159.65885162353516,
    160.00974202156067,
    161.81220841407776,
    164.81846809387207,
    165.30642676353455,
    165.26681351661682,
    162.7853820323944,
    159.6132297515869,
    158.49171423912048,
    159.13098621368408,
    156.27887964248657,
    158.81800723075867,
    156.0340690612793
  ],
  "max_gpu_mem_mb": [
    3285.482421875,
    3287.09326171875,
    3289.98193359375,
    3288.9267578125,
    3287.54052734375,
    3289.6220703125,
    3288.7431640625,
    3290.0068359375,
    3285.83154296875,
    3289.17041015625,
    3284.740234375,
    3287.52880859375,
    3286.478515625,
    3292.65478515625,
    3289.4970703125,
    3287.580078125,
    3288.751953125,
    3295.4951171875,
    3285.267578125,
    3288.8759765625
  ]
}