{
  "model": "seq2seq",
  "bleu": 30.05298067257658,
  "rouge": {
    "rouge1": 0.6317894896156924,
    "rouge2": 0.4146759654380842,
    "rougeL": 0.6080689745731739
  },
  "samples": 1000
}