{
  "train_loss": [
    4.587690660081771,
    3.516928433321646,
    2.745406900733578,
    2.278128903342764,
    1.9848593520698044,
    1.7823864321351577,
    1.6232163591006779,
    1.4876072364756714,
    1.378232393495837,
    1.2820834105235364,
    1.1971897711312718,
    1.1200175823619187,
    1.0472444521698132,
    0.9812638523295062,
    0.924487577923594,
    0.8657864389965713,
    0.8137112879543053,
    0.7700254798985788,
    0.7249574973719761,
    0.6912022359045592
  ],
  "val_loss": [
    3.729657530784607,
    2.9998404383659363,
    2.3824993073940277,
    2.100863501429558,
    1.9252322614192963,
    1.8224186152219772,
    1.7105789482593536,
    1.6391048580408096,
    1.6133887469768524,
    1.569220170378685,
    1.523327887058258,
    1.5331618040800095,
    1.5217341184616089,
    1.4837953299283981,
    1.5022147446870804,
    1.5126323699951172,
    1.5156409591436386,
    1.524366870522499,
    1.5159761905670166,
    1.5475792586803436
  ]
}