{
  "model_name": "gru_glove",
  "train_losses": [
    0.4204546532896169,
    0.2561701626309653,
    0.1976375920171647,
    0.1536442933769663,
    0.12642951237509395,
    0.10293267056410846,
    0.08861642932403795
  ],
  "val_losses": [
    0.301386349922632,
    0.28830084696297753,
    0.3444299919916617,
    0.3530804897584688,
    0.3939068418024751,
    0.3976278105402923,
    0.48025216696702916
  ],
  "train_accs": [
    0.80248,
    0.90164,
    0.92852,
    0.94656,
    0.95532,
    0.96468,
    0.96972
  ],
  "val_accs": [
    0.87308,
    0.87724,
    0.87512,
    0.86716,
    0.86652,
    0.8538,
    0.8578
  ],
  "epoch_times": [
    56.17125749588013,
    56.82196235656738,
    56.854440212249756,
    56.6299831867218,
    57.089224338531494,
    56.875940561294556,
    56.92216610908508
  ],
  "best_val_acc": 0.87724,
  "total_epochs": 7,
  "avg_epoch_time": 56.766424894332886
}