{
  "model_name": "gru_bert",
  "train_losses": [
    0.29765007923573944,
    0.17560278185193076,
    0.10690346673485893,
    0.06597142353529752,
    0.04249507432141492
  ],
  "val_losses": [
    0.23516227674606205,
    0.23640113030953327,
    0.2777375156087253,
    0.3676283352807655,
    0.43605295651847775
  ],
  "train_accs": [
    0.8718,
    0.93672,
    0.9664,
    0.98076,
    0.98924
  ],
  "val_accs": [
    0.90468,
    0.91096,
    0.91124,
    0.90432,
    0.90556
  ],
  "epoch_times": [
    636.8373005390167,
    667.2400388717651,
    668.0528154373169,
    668.1693806648254,
    667.3215596675873
  ],
  "best_val_acc": 0.91124,
  "total_epochs": 5,
  "avg_epoch_time": 661.5242190361023
}