{
  "train_loss": [
    4.720064893167975,
    3.4313181024290915,
    2.6217118359872424,
    2.191604115889461,
    1.9200729473046794,
    1.723513848455992,
    1.569954401070851,
    1.4401235848271374,
    1.3324616638049156,
    1.2375194285934716,
    1.1560300617491097,
    1.0818989279511741,
    1.00772967081238,
    0.9427659183346753,
    0.886592928008361,
    0.8243702187937262,
    0.7735786464245834,
    0.7301533786735871,
    0.6884864831285855,
    0.6538487885491964
  ],
  "val_loss": [
    3.7765953540802,
    2.8383069932460785,
    2.305940121412277,
    2.029140740633011,
    1.899532824754715,
    1.799714744091034,
    1.6894915848970413,
    1.6325871646404266,
    1.590132251381874,
    1.525571659207344,
    1.535137876868248,
    1.5569278746843338,
    1.5040588080883026,
    1.4934291392564774,
    1.499479204416275,
    1.5026641339063644,
    1.5107565373182297,
    1.5206646174192429,
    1.5213101357221603,
    1.5611292123794556
  ]
}