{
  "attention_type": "bahdanau",
  "num_samples": 100,
  "entropy": {
    "mean": 0.710833728313446,
    "std": 0.23158729076385498,
    "min": 0.29067832231521606,
    "max": 1.3395673036575317,
    "median": 0.6927268505096436,
    "values": [
      0.4054492712020874,
      0.8724607825279236,
      0.7788985967636108,
      0.8769900798797607,
      0.36790964007377625,
      1.3395673036575317,
      0.6956796646118164,
      1.1820625066757202,
      0.44191884994506836,
      0.6946399211883545,
      0.5974124073982239,
      1.1309473514556885,
      0.8628441095352173,
      0.9185606837272644,
      0.3038821220397949,
      0.5123058557510376,
      0.9098215103149414,
      0.5603296160697937,
      0.628208577632904,
      0.550005316734314,
      0.7703074812889099,
      0.852526068687439,
      0.7245830297470093,
      1.0194919109344482,
      0.4557734727859497,
      0.5693459510803223,
      0.4276880621910095,
      0.7027331590652466,
      0.6451429128646851,
      0.9273054599761963,
      0.5499401688575745,
      0.71260666847229,
      0.7084341049194336,
      0.7443761825561523,
      0.6818597316741943,
      1.2603540420532227,
      0.29067832231521606,
      0.9623947143554688,
      0.3760409951210022,
      0.6608698964118958,
      0.6381332874298096,
      0.5740386843681335,
      0.5615507364273071,
      0.9921087622642517,
      0.3449026346206665,
      0.7684565782546997,
      0.5161264538764954,
      1.2869170904159546,
      0.4336188733577728,
      0.7230783700942993,
      0.9789627194404602,
      0.8398181200027466,
      0.5523942112922668,
      0.5457026958465576,
      0.886335015296936,
      0.7217997908592224,
      0.5479682683944702,
      0.6008455753326416,
      0.4858829081058502,
      0.932388961315155,
      0.5405254364013672,
      0.6861791014671326,
      0.8938814997673035,
      0.7467740774154663,
      0.3694184124469757,
      1.0302159786224365,
      0.6378040909767151,
      0.6982279419898987,
      0.5690730810165405,
      0.8892658352851868,
      0.7565004825592041,
      0.4917307496070862,
      0.756172239780426,
      0.8846009969711304,
      0.4912073314189911,
      0.7984231114387512,
      0.5465688109397888,
      0.6454945206642151,
      0.6308678984642029,
      1.1764686107635498,
      0.39680591225624084,
      0.6908138394355774,
      1.0446747541427612,
      1.301888108253479,
      0.8868886828422546,
      0.501929521560669,
      0.47850364446640015,
      0.8351755142211914,
      0.49128299951553345,
      0.6262791752815247,
      0.617497980594635,
      0.8235753774642944,
      0.7539883852005005,
      0.7958874106407166,
      0.4560558497905731,
      0.41546881198883057,
      0.5963464975357056,
      0.992464542388916,
      0.8999921679496765,
      0.6350880861282349
    ]
  },
  "sharpness": {
    "mean": 0.7415062189102173,
    "std": 0.08715146780014038,
    "min": 0.5221623778343201,
    "max": 0.9032269716262817,
    "median": 0.7528322339057922,
    "values": [
      0.8529945611953735,
      0.6755765676498413,
      0.6978583931922913,
      0.668773353099823,
      0.8657071590423584,
      0.5418036580085754,
      0.7179334163665771,
      0.5863662362098694,
      0.8539692759513855,
      0.7162606120109558,
      0.8040144443511963,
      0.5888506174087524,
      0.6999455690383911,
      0.671649694442749,
      0.8995960354804993,
      0.8429008722305298,
      0.6867966651916504,
      0.8319368958473206,
      0.7219854593276978,
      0.8109683990478516,
      0.7579819560050964,
      0.6996753811836243,
      0.7466625571250916,
      0.6152834296226501,
      0.8483483195304871,
      0.8137004971504211,
      0.8340219259262085,
      0.7517629265785217,
      0.7594918012619019,
      0.6620833873748779,
      0.8188616633415222,
      0.7721410393714905,
      0.690333902835846,
      0.7232535481452942,
      0.786643922328949,
      0.5654228329658508,
      0.9032269716262817,
      0.6725413799285889,
      0.8760308027267456,
      0.7830857038497925,
      0.6941354274749756,
      0.7906674146652222,
      0.787309467792511,
      0.6505357623100281,
      0.8793317675590515,
      0.745874285697937,
      0.7900411486625671,
      0.5408440232276917,
      0.8336824774742126,
      0.7312940359115601,
      0.6316125392913818,
      0.7145015001296997,
      0.7930997014045715,
      0.8040750622749329,
      0.6967011094093323,
      0.7477343082427979,
      0.7860277891159058,
      0.7288548946380615,
      0.7976020574569702,
      0.6402744054794312,
      0.7736752033233643,
      0.7681727409362793,
      0.7131994962692261,
      0.723038375377655,
      0.8923139572143555,
      0.6005715727806091,
      0.7770056128501892,
      0.7539015412330627,
      0.7717306613922119,
      0.6334994435310364,
      0.6906724572181702,
      0.8532540202140808,
      0.709955632686615,
      0.7020434141159058,
      0.8476490378379822,
      0.6446688175201416,
      0.7934255003929138,
      0.7751495838165283,
      0.7856143116950989,
      0.5651232004165649,
      0.8659059405326843,
      0.7389218807220459,
      0.6137657165527344,
      0.5221623778343201,
      0.6815016865730286,
      0.8308863043785095,
      0.8155918121337891,
      0.6567252278327942,
      0.8134886026382446,
      0.7870743870735168,
      0.7830499410629272,
      0.6769385933876038,
      0.7578925490379333,
      0.6787810921669006,
      0.825886070728302,
      0.8473993539810181,
      0.7852849960327148,
      0.657056450843811,
      0.6615914702415466,
      0.7754121422767639
    ]
  },
  "source_entropy": {
    "mean": 0.9683846727743004,
    "std": 0.6156376729250476,
    "median": 0.9759321212768555
  }
}