{
  "train_loss": [
    5.111829829110973,
    3.9416210262785922,
    3.30551564220815,
    2.919837932754718,
    2.687289806189516,
    2.5075328665157772,
    2.375820289099269,
    2.289918056143538,
    2.189469331686717,
    2.123027575698718,
    2.065383003146638,
    2.001370001994566,
    1.9436929430730543,
    1.8965195779758404,
    1.8839448664156877,
    1.6391396958397348,
    1.5898541879023749,
    1.5317391010107972,
    1.5054126452769476,
    1.489255352692457
  ],
  "val_loss": [
    4.763983726501465,
    3.9111955761909485,
    3.5158121585845947,
    3.379774123430252,
    3.248154878616333,
    3.191974937915802,
    3.148514598608017,
    3.07799169421196,
    3.1462795734405518,
    3.0996632874011993,
    3.0316203236579895,
    3.0553510189056396,
    3.1260993480682373,
    3.0671873092651367,
    3.0392231345176697,
    3.0194523632526398,
    3.0277472138404846,
    3.0749570727348328,
    3.0651265382766724,
    3.14889332652092
  ],
  "epochs": [
    1,
    2,
    3,
    4,
    5,
    6,
    7,
    8,
    9,
    10,
    11,
    12,
    13,
    14,
    15,
    16,
    17,
    18,
    19,
    20
  ]
}