{
  "model_name": "lstm_bert",
  "train_losses": [
    0.2980845704569917,
    0.1808987472425489,
    0.11039255029948243,
    0.06948287885755484,
    0.04221239760439174
  ],
  "val_losses": [
    0.22325159513089052,
    0.2560059008560122,
    0.30602149336713147,
    0.4236294308551075,
    0.447022279959989
  ],
  "train_accs": [
    0.873,
    0.93192,
    0.9638,
    0.98024,
    0.989
  ],
  "val_accs": [
    0.90908,
    0.91208,
    0.90896,
    0.90512,
    0.90816
  ],
  "epoch_times": [
    632.5218789577484,
    650.4310033321381,
    651.4213240146637,
    658.7290756702423,
    655.4193968772888
  ],
  "best_val_acc": 0.91208,
  "total_epochs": 5,
  "avg_epoch_time": 649.7045357704162
}