{
  "train_loss": [
    4.026537755512456,
    2.9085981163159342,
    2.4728336061149965,
    2.192423532187676,
    1.9862306275556791,
    1.826159537626258,
    1.6926750748168005,
    1.5754672477949032,
    1.4761795015587156,
    1.385193744945106,
    1.305631539895146,
    1.225822422472916,
    1.1561002736574753,
    1.082834821440575,
    1.0168484961408875,
    0.9589563461127261,
    0.8989530927809325,
    0.8463995244009379,
    0.8018161473295237,
    0.7665662460915318
  ],
  "val_loss": [
    3.084271878004074,
    2.559000462293625,
    2.2953591644763947,
    2.129515662789345,
    1.9971658885478973,
    1.9168126732110977,
    1.8585918098688126,
    1.7994367480278015,
    1.753636658191681,
    1.7207902520895004,
    1.7101024836301804,
    1.6666689962148666,
    1.6481631249189377,
    1.6322189271450043,
    1.6237192451953888,
    1.6153307259082794,
    1.636814445257187,
    1.6164013296365738,
    1.6344452649354935,
    1.6442151069641113
  ]
}