{
  "train_loss": [
    5.680355754717856,
    5.575072309519226,
    5.572966789884189,
    5.5730168745906346,
    5.438233329336024,
    5.533220148296608,
    5.565822750461259,
    5.563920222715134,
    5.511891652834048,
    5.382814642616306,
    5.1936205347204,
    5.0779380147152535,
    5.000995096131043,
    4.966869482384904,
    4.922494848394184,
    4.889542096511908,
    4.86400659073817,
    4.839838863994582,
    4.799333498866548,
    4.731245824418929
  ],
  "val_loss": [
    5.507772922515869,
    5.500936508178711,
    5.464762926101685,
    5.4976489543914795,
    5.518629968166351,
    5.493829131126404,
    5.490523517131805,
    5.48699676990509,
    5.310187041759491,
    8.145444393157959,
    8.94524598121643,
    9.03768265247345,
    9.314210772514343,
    9.125866532325745,
    9.331204891204834,
    9.19941532611847,
    8.911235094070435,
    8.978681802749634,
    9.310705542564392,
    9.448262810707092
  ]
}