{
  "attention_type": "luong",
  "num_samples": 100,
  "entropy": {
    "mean": 0.028479168191552162,
    "std": 0.03546890243887901,
    "min": 1.8663369460991674e-13,
    "max": 0.18822060525417328,
    "median": 0.012228383682668209,
    "values": [
      0.06945694983005524,
      0.09200313687324524,
      0.04048054292798042,
      0.009249057620763779,
      0.034966036677360535,
      0.042452991008758545,
      0.05442070960998535,
      0.04173734039068222,
      2.0999367222884757e-07,
      0.0004769614606630057,
      1.8928221834357828e-07,
      0.18822060525417328,
      0.0027789666783064604,
      0.010367538779973984,
      1.8663369460991674e-13,
      0.04363836720585823,
      0.006437705364078283,
      0.05453210324048996,
      0.008339916355907917,
      0.1268816590309143,
      1.3570679302521427e-11,
      0.018288955092430115,
      6.411790423044295e-07,
      0.021891381591558456,
      0.00030577005236409605,
      7.743574315099977e-07,
      0.00038092894828878343,
      0.04434564337134361,
      0.02297469601035118,
      0.03541211038827896,
      0.00543569540604949,
      0.02027999609708786,
      0.018659843131899834,
      0.0021487753838300705,
      0.04516102001070976,
      0.04517127946019173,
      7.332015229621902e-05,
      0.027801647782325745,
      9.251073788618669e-05,
      0.10189611464738846,
      2.5527373281875043e-07,
      0.00950820092111826,
      2.6853609597310424e-05,
      0.000751578772906214,
      1.234626438417763e-06,
      0.04457099363207817,
      7.50144550920595e-08,
      0.0656139925122261,
      3.94498897549056e-07,
      0.012999865226447582,
      0.08677239716053009,
      0.04309860244393349,
      0.0497930608689785,
      3.2729047916291165e-08,
      0.008940979838371277,
      0.02333293855190277,
      4.847684067499358e-06,
      0.00011540458945091814,
      0.0007443927461281419,
      0.056646596640348434,
      0.00305382558144629,
      0.09207407385110855,
      0.0015787597512826324,
      0.09809716790914536,
      2.3713806029945772e-08,
      0.06468478590250015,
      0.012443054467439651,
      0.06749288737773895,
      2.4018897093469604e-08,
      0.053475189954042435,
      0.0047177961096167564,
      0.06411563605070114,
      5.816719328421982e-11,
      0.021040311083197594,
      0.05561566352844238,
      6.931347888894379e-05,
      0.007856454700231552,
      0.12802988290786743,
      0.03471152484416962,
      0.026572365313768387,
      0.00029812962748110294,
      0.08125365525484085,
      0.08575388789176941,
      0.04445558041334152,
      0.001224945648573339,
      0.07066173851490021,
      8.311888564094261e-07,
      0.030408861115574837,
      2.5003936698908547e-09,
      0.000431849155575037,
      0.008170614950358868,
      0.0020003593526780605,
      0.04747641459107399,
      0.0002578290004748851,
      0.06480564177036285,
      1.45910807987093e-05,
      0.007818779908120632,
      0.0009691546438261867,
      0.0145866759121418,
      0.012013712897896767
    ]
  },
  "sharpness": {
    "mean": 0.9881491661071777,
    "std": 0.017817042768001556,
    "min": 0.8995777368545532,
    "max": 1.0,
    "median": 0.9976955056190491,
    "values": [
      0.9554465413093567,
      0.9543692469596863,
      0.9887568354606628,
      0.9980268478393555,
      0.9901145100593567,
      0.980591356754303,
      0.9836007356643677,
      0.9830460548400879,
      1.0,
      0.9999454617500305,
      1.0,
      0.8995777368545532,
      0.9995690584182739,
      0.9980921149253845,
      1.0,
      0.9818792343139648,
      0.9989840388298035,
      0.9810049533843994,
      0.9983667135238647,
      0.9413687586784363,
      1.0,
      0.9954490661621094,
      1.0,
      0.9943826198577881,
      0.9999651908874512,
      1.0,
      0.9999591708183289,
      0.9787753224372864,
      0.99519282579422,
      0.9859011173248291,
      0.9991394281387329,
      0.9944268465042114,
      0.9961957335472107,
      0.9996984601020813,
      0.9857005476951599,
      0.9869785308837891,
      0.9999932050704956,
      0.9925875663757324,
      0.999991238117218,
      0.9455103278160095,
      1.0,
      0.9981428980827332,
      0.9999977350234985,
      0.9999114274978638,
      1.0,
      0.9723594784736633,
      1.0,
      0.9770854115486145,
      1.0,
      0.9975457191467285,
      0.9686832427978516,
      0.9810668230056763,
      0.9817997813224792,
      1.0,
      0.9981818199157715,
      0.992339551448822,
      0.9999996423721313,
      0.9999887347221375,
      0.9999107122421265,
      0.9755126237869263,
      0.9995615482330322,
      0.9556087851524353,
      0.9998029470443726,
      0.9583495855331421,
      1.0,
      0.9695088267326355,
      0.9978452920913696,
      0.9742248058319092,
      1.0,
      0.9749997854232788,
      0.9992097020149231,
      0.9604463577270508,
      1.0,
      0.9950903058052063,
      0.9777687788009644,
      0.9999935030937195,
      0.9985211491584778,
      0.9288291931152344,
      0.9906014800071716,
      0.9944666624069214,
      0.9999673366546631,
      0.9603316187858582,
      0.9585086703300476,
      0.9824625849723816,
      0.9998311400413513,
      0.9750728607177734,
      0.9999999403953552,
      0.993483304977417,
      1.0,
      0.9999529123306274,
      0.9986770153045654,
      0.9996942281723022,
      0.9799593091011047,
      0.9999735355377197,
      0.9744246006011963,
      0.9999988079071045,
      0.9984229207038879,
      0.9998770356178284,
      0.9970017075538635,
      0.9973405599594116
    ]
  },
  "source_entropy": {
    "mean": 0.17451827997431607,
    "std": 0.40521067803403,
    "median": 2.8135891394498458e-09
  }
}