{
  "train_loss": [
    4.9448711945621975,
    4.100010249058055,
    3.6472948395733265,
    3.304388376059511,
    3.1020054880217836,
    2.966509610020642,
    2.8176169731543452,
    2.724102572722582,
    2.648012798788264,
    2.5880628566909993,
    2.5219570550624493,
    2.457124800408989,
    2.418955544543161,
    2.3778142325153433,
    2.3370032184449587,
    2.2839070779111417,
    2.2606314425951584,
    2.23353926358244,
    2.2143919189595964,
    2.192802456507074
  ],
  "val_loss": [
    4.73380571603775,
    4.266283094882965,
    3.917826145887375,
    3.677141100168228,
    3.6612455546855927,
    3.5077378153800964,
    3.390158027410507,
    3.3552509546279907,
    3.3353675603866577,
    3.3141193985939026,
    3.298165440559387,
    3.2544010281562805,
    3.223400980234146,
    3.1848049759864807,
    3.2198415994644165,
    3.1926285326480865,
    3.2606217861175537,
    3.163387507200241,
    3.149711012840271,
    3.1587029099464417
  ],
  "epochs": [
    1,
    2,
    3,
    4,
    5,
    6,
    7,
    8,
    9,
    10,
    11,
    12,
    13,
    14,
    15,
    16,
    17,
    18,
    19,
    20
  ]
}