{
  "model_name": "lstm_glove",
  "train_losses": [
    0.5682210658136231,
    0.3825382708054979,
    0.3006545571643678,
    0.2566799621509812,
    0.22993239363098084,
    0.1990617255113371,
    0.17924755274573023,
    0.16343772759699188
  ],
  "val_losses": [
    0.44330238627122187,
    0.3757439863575084,
    0.33325791927745274,
    0.350138068618372,
    0.35235506728710725,
    0.3814189790145439,
    0.3770777429442119,
    0.43783625822676264
  ],
  "train_accs": [
    0.71948,
    0.84856,
    0.88768,
    0.90736,
    0.9176,
    0.93148,
    0.93984,
    0.94488
  ],
  "val_accs": [
    0.80916,
    0.858,
    0.8616,
    0.85356,
    0.86008,
    0.85868,
    0.85112,
    0.85436
  ],
  "epoch_times": [
    73.79948854446411,
    75.08430910110474,
    74.67717742919922,
    1321.0390191078186,
    64.03938579559326,
    66.05824637413025,
    65.89259266853333,
    67.04554200172424
  ],
  "best_val_acc": 0.8616,
  "total_epochs": 8,
  "avg_epoch_time": 225.95447012782097
}