{
  "train_loss": [
    5.680492441034527,
    5.583401310286333,
    5.573985070384022,
    5.578269063638696,
    5.568442844609332,
    5.328567091063781,
    5.154516961606063,
    5.18719989507734,
    5.017019110104061,
    4.995851373882545,
    4.990268341770256,
    4.973894564590791,
    4.954432674441569,
    4.947691749371096,
    4.940439541434402,
    4.932158381928431,
    4.924326140449961,
    4.928019792497945,
    4.929605425191871,
    5.038866026285986
  ],
  "val_loss": [
    5.507279396057129,
    5.501435875892639,
    5.500869810581207,
    5.497592866420746,
    5.47350287437439,
    5.9970643520355225,
    7.5644970536231995,
    6.998321950435638,
    6.67318320274353,
    6.442513048648834,
    7.152354657649994,
    7.313777685165405,
    6.568277955055237,
    7.11493319272995,
    7.26898467540741,
    7.2183674573898315,
    6.4001211524009705,
    7.012293577194214,
    7.584737062454224,
    6.746360599994659
  ]
}