{
  "train_loss": [
    5.680652469265303,
    5.58151525547851,
    5.567666272234812,
    5.572549763229975,
    5.5670836465474265,
    5.458802592911909,
    4.991301072326526,
    4.600885563484898,
    4.0401423912216385,
    3.5039178264298627,
    3.107878736462362,
    2.7842367682688036,
    2.5401861258015233,
    2.3388084052417772,
    2.181144822011435,
    2.0513086875629845,
    1.9324927739634914,
    1.8347974416968056,
    1.7519407435135694,
    1.6762328436721263
  ],
  "val_loss": [
    5.50613808631897,
    5.501576602458954,
    5.509583055973053,
    5.493524193763733,
    5.493274927139282,
    5.151014983654022,
    4.76874166727066,
    4.305182218551636,
    3.6048250794410706,
    3.151738792657852,
    2.779725581407547,
    2.5129108130931854,
    2.291996270418167,
    2.1511684358119965,
    2.022945001721382,
    1.934494361281395,
    1.8523072600364685,
    1.789040446281433,
    1.734791174530983,
    1.7099510580301285
  ]
}