{
  "train_loss": [
    4.047457511204455,
    2.939066464680407,
    2.5077666679668007,
    2.233136239030813,
    2.029665400278201,
    1.868184617962606,
    1.737355225936957,
    1.6219959280039244,
    1.520248798021661,
    1.4329800574264862,
    1.3514140298187995,
    1.2733144949186215,
    1.2019568721103249,
    1.134616423545955,
    1.0646711553771064,
    1.0072558191379262,
    0.9452543019723262,
    0.8962808915697006,
    0.8466341188300549,
    0.8064896826702067
  ],
  "val_loss": [
    3.117040455341339,
    2.584514707326889,
    2.317045897245407,
    2.1487907767295837,
    2.03485469520092,
    1.945297747850418,
    1.8711605221033096,
    1.830880343914032,
    1.775687426328659,
    1.7250306159257889,
    1.7061516493558884,
    1.6896789819002151,
    1.6699334532022476,
    1.6583232581615448,
    1.6363249570131302,
    1.6268490254878998,
    1.6314137428998947,
    1.61802376806736,
    1.6311235576868057,
    1.6483485400676727
  ]
}